文件名,time,rato
random262144_removal,0,285.1049094197064
random262144_removal,1,0.9879872677977274
random262144_removal,2,90632.20033136221
random262144_removal,3,114.91428036692783
random262144_removal,4,1.0433997797410481
