文件名,time,rato
random131072_removal,0,77.31465224903845
random131072_removal,1,0.9909437836016264
random131072_removal,2,141.17970948333107
random131072_removal,3,64.76102976671099
random131072_removal,4,1.0452153512729263
