文件名,time,rato
random131072_removal,0,205.34975001290385
random131072_removal,1,203.54977071942054
random131072_removal,2,206.51824281414412
random131072_removal,3,94.37316630919094
random131072_removal,4,93.99042282732509
