文件名,time,rato
random524288_removal,0,381.36829129064955
random524288_removal,1,377.04817110782335
random524288_removal,2,384.52220469619124
random524288_removal,3,115.17167320593413
random524288_removal,4,126.42579286385808
