文件名,time,rato
random524288_removal,0,370.580484899749
random524288_removal,1,1.0008201359037958
random524288_removal,2,215810.68789382264
random524288_removal,3,130.70517923387868
random524288_removal,4,0.9991355882540162
