文件名,time,rato
random1048576_removal,0,472.96467437525297
random1048576_removal,1,454.92192013739225
random1048576_removal,2,473.79762980336733
random1048576_removal,3,141.41438464447177
random1048576_removal,4,139.13123739950368
