文件名,time,rato
random1048576_removal,0,173.42690058315904
random1048576_removal,1,0.99033385688354
random1048576_removal,2,413351.3210782364
random1048576_removal,3,146.154544154466
random1048576_removal,4,1.0019863905919966
