文件名,time,rato
random262144_removal,0,294.5520801544196
random262144_removal,1,294.12148679470454
random262144_removal,2,293.6958784608797
random262144_removal,3,112.35089176019942
random262144_removal,4,112.31108079869908
