文件名,time,rato
random65536_removal,0,61.377779613829475
random65536_removal,1,1.003329534760655
random65536_removal,2,150.61595115094906
random65536_removal,3,46.64163663242199
random65536_removal,4,1.0066528417090976
