文件名,time,rato
random65536_removal,0,93.12740912266966
random65536_removal,1,0.9817476812680473
random65536_removal,2,20223.819991625292
random65536_removal,3,62.46794037309416
random65536_removal,4,0.9950815906425373
