文件名,time,rato
random262144_removal,0,132.5451880669798
random262144_removal,1,1.0075450076456456
random262144_removal,2,121.64957579261637
random262144_removal,3,78.00224539292805
random262144_removal,4,1.008663593206853
