文件名,time,rato
random524288_removal,0,161.9037244470768
random524288_removal,1,0.9916725539764858
random524288_removal,2,116.68078543173375
random524288_removal,3,85.83595838148605
random524288_removal,4,0.9882176213940366
