文件名,time,rato
random65536_removal,0,120.31181640850289
random65536_removal,1,111.83925896833335
random65536_removal,2,120.64101642907558
random65536_removal,3,68.34408233285676
random65536_removal,4,68.29809034988094
