文件名,time,rato
random131072_removal,0,117.93640618719265
random131072_removal,1,1.015930222759855
random131072_removal,2,47171.819761839295
random131072_removal,3,91.67856497383394
random131072_removal,4,1.0177733795328479
